id,Title
1419,"Florian Alt"
1420,"Harald Baier"
1422,"Vasco Brattka"
1423,"Stefan Brunthaler"
1424,"Klaus Buchenrieder"
1425,"Gabi Dreo Rodosek"
1426,"Michaela Geierhos"
1427,"Cornelius Greither"
1428,"Peter Hertling"
1429,"Marko Hofmann"
1430,"Wolfgang Hommel"
1431,"Andreas Karcher"
1432,"Johannes Kinder"
1434,"Ulrike Lechner"
1435,"Helmut Mayer"
1436,"Mark Minas"
1437,"Stefan Pickl"
1438,"Oliver Rose"
1439,"Markus Siegle"
1440,"Gunnar Teege"
1441,"Arno Wacker"
1451,"Uwe Langer"
1454,"Heike Rolfs"
1459,"Udo Helmbrecht"
1460,"Manfred Mayer"
1461,"Ulrich Rohde"
1462,"Rudolf Avenhaus"
1463,"Stephan Braun"
1465,"Hans Hofmann"
1466,"Reiner Huber"
1467,"Axel Lehmann"
1468,"Fritz Lehmann"
1469,"Wolfgang Niegel"
1470,"Gert Regenspurg"
1471,"Wolfgang Reinhardt"
1472,"Helmut Rzehak"
1473,"Heinz Schelle"
1474,"Ulf Schmerl"
1475,"Gunther Schmidt"
1476,"Lothar Schmitz"
1490,"Corinna Schmitt"
1495,"Volker Eiseler"
1541,"Birgit Elbl"
1553,"Christina Bereuter"
1557,"Diana Auberger"
1558,"Mandy Balthasar"
1559,"Julian Fietkau"
1562,"Christina Glückler"
1565,"Tony Listner"
1566,"Kim Mönch"
1567,"Peter Rödig"
1569,"Michael Steinke"
1570,"Laura Stojko"
1572,"Sebastian Seidel"
1597,"Ronny Schenk"
1748,"Uwe Borghoff"
1759,"Christian Schenk"
1760,"Michael Grabatin"
1763,"Stefan Lippert"
1766,"Florian Ott"
1769,"Buket Garthoff"
1805,"Daniela Legl"
1919,"Michael Koch"
1921,"Mario Silaci"
1941,"Mark Manulis"
1984,"Maximilian Moll"
1988,"Oliver Hein"
1993,"Peter Weinert"
1995,"Brigitte Buchetmann"
2015,"Marina Alonso Villota"
2016,"Alessandro Cobbe"
2018,"Andrei Darii"
2020,"Andrei-Cristian Florea"
2022,"Rupert Hölzl"
2024,"Philip Alexander Janicki"
2025,"Sören Kleine"
2027,"Teresa Franziska Loreth"
2029,"Rudy Milani"
2030,"Marian Sorin Nistor"
2032,"Truong Son Pham"
2035,"Matthias Schilling"
2037,"Maryna Zharikova"
2038,"Andrea Ferstl"
2041,"Ulrike Stein"
2043,"Tino Krug"
2046,"Johann Erich Altgenug"
2049,"Alexander Pascal Frank"
2052,"Daniela Pöhn"
2054,"Lars Stiemert"
2055,"Ulrike Mundhas"
2057,"Franz Schmalhofer"
2059,"Peter Hillmann"
2062,"Erik Heiland"
2064,"Markus Sauermann"
2065,"Mario Kesseler"
2067,"Goran Mihelcic"
2098,"Günter Herrmann"
2099,"Michael Minkus"
2100,"Martin Gottlieb-Schaflechner"
2102,"Kahsay Gidey"
2103,"Christian Tristl"
2105,"Harald Hagel"
2107,"Justin Immanuel Zenz"
2109,"Norbert Studzinski"
2111,"Egon Dorrer"
2113,"Helmut Süß"
2115,"Hai Huang"
2117,"Murat Cankaya"
2118,"Mario Michelini"
2119,"Francisca Hartmann"
2120,"Lukas Roth"
2122,"Matthias Schmitz"
2124,"Stefan Grandl"
2125,"Alajdin Tafili"
2127,"Eirini Ntoutsi"
2129,"Florian Babl"
2131,"Frederik Simon Bäumer"
2134,"Olivier Bartheye"
2136,"Benjamin Jens Bellgrau"
2138,"Olivier Blanc"
2140,"Hendrik Bothe"
2142,"Anastasia Cimitan"
2144,"Matthias Frank"
2146,"Laura Götz"
2148,"Serif Hamzic"
2150,"Julian Höllig"
2152,"Joschka Kersting"
2154,"Matthias Kneidel"
2155,"Josua Kurt Köhler"
2157,"Yeong Su Lee"
2159,"Hannes Jost Ludwig"
2160,"Falk Maoro"
2162,"Andreas Meißner"
2164,"Heike Renner"
2166,"Philipp Jonas Rösch"
2167,"Sergej Schultenkämper"
2169,"Dominik Schwimmbeck"
2171,"Nina Seemann"
2173,"Amon Soares de Souza"
2175,"Kilian Steinberg"
2178,"Alexandra Suckow"
2180,"Julia Waldmüller"
2182,"Fabian Winkel"
2183,"Siegfried Brunner"
2185,"Christian Dietz"
2186,"Philip Gaßner"
2187,"Alexander Gouberman"
2188,"Andreas Köster"
2190,"Armin Leopold"
2192,"Nadiia Leopold"
2194,"Silja Meyer-Nieberg"
2196,"Falk Pappert"
2197,"Nils Rodday"
2199,"Heike Rolfs"
2201,"Patrick Ruckdeschel"
2204,"Klement Hagenhoff"
2205,"Tobias Uhlig"
2207,"Shufang Xie"
2208,"Tao Zhang"
2209,"Martina Meidenbauer"
2210,"Anna Meyer"
2211,"Alexandra Nowak"
2212,"Christiane Dietrich"
2213,"Daniela Legl"
2214,"Ulrike Nussel"
2215,"Ulrike Schreiber"
2216,"Julius Zahn"
